"Title,Description,Status,Swimlane,Owner,Requested by,Assigned by,Members,Assignees,Labels,Start at,Due at,End at,Over time,Spent time (hours),Created at,Last modified at,Last activity,Vote,Archived"
"Enviar as alterações para produção,,Encerrado,Tarefas gerais do projeto,herculeshssj, , ,,,Melhoria-orange, , , ,false,0,2021-07-14T15:07:12+00:00,2021-07-14T15:22:38+00:00,2021-07-14T15:22:38+00:00, ,false"
"Arquivamento automático dos concursos e oportunidades,Arquivar os concursos com mais de 30 dias, e as oportunidades com mais de 60 dias.,Encerrado,Tarefas gerais do projeto,herculeshssj, , ,,,Funcionalidade-green, , , ,false,0,2021-07-14T13:11:53+00:00,2021-07-14T15:22:38+00:00,2021-07-14T15:22:38+00:00, ,false"
"Usar o JSoup,Será o substituto das APIs que utilizo no Groovy.,Encerrado,Tarefas gerais do projeto,herculeshssj, , ,,,Melhoria-orange, , , ,false,0,2021-07-10T16:57:35+00:00,2021-07-11T20:08:10+00:00,2021-07-11T20:08:10+00:00, ,false"
"Incluir o SENAC SP nas oportunidades,https://www.sp.senac.br/recruPortal/portal/mural,Encerrado,Tarefas gerais do projeto,herculeshssj, , ,,,Funcionalidade-green, , , ,false,0,2021-07-10T16:54:50+00:00,2021-07-11T20:08:10+00:00,2021-07-11T20:08:10+00:00, ,false"
"Lombok no VSCode,https://www.projectlombok.org/setup/vscode,Encerrado,Tarefas gerais do projeto,herculeshssj, , ,,,Teste-yellow, , , ,false,0,2021-07-09T01:20:41+00:00,2021-07-11T20:08:10+00:00,2021-07-11T20:08:10+00:00, ,false"
"Criar o projeto OpenXava do Oportunidades,,Encerrado,Tarefas gerais do projeto,herculeshssj, , ,,,Funcionalidade-green, , , ,false,0,2021-07-09T01:19:31+00:00,2021-07-11T20:08:10+00:00,2021-07-11T20:08:10+00:00, ,false"
"Reorganizar o repositório para abrigar o projeto OpenXava,,Encerrado,Tarefas gerais do projeto,herculeshssj, , ,,,Melhoria-orange, , , ,false,0,2021-07-09T01:19:05+00:00,2021-07-11T20:08:10+00:00,2021-07-11T20:08:10+00:00, ,false"
"Teste geral da solução na hospedagem,,Encerrado,Tarefas gerais do projeto,herculeshssj, , ,,,Teste-yellow, , , ,false,0,2021-03-20T13:53:54+00:00,2021-07-11T20:08:10+00:00,2021-07-11T20:08:10+00:00, ,false"
"Deploy da aplicação OpenXava na hospedagem,,Encerrado,Tarefas gerais do projeto,herculeshssj, , ,,,Funcionalidade-green, , , ,false,0,2021-03-20T13:53:47+00:00,2021-07-11T20:08:10+00:00,2021-07-11T20:08:10+00:00, ,false"
"Deploy do Oportunidades na hospedagem,,Encerrado,Tarefas gerais do projeto,herculeshssj, , ,,,Funcionalidade-green, , , ,false,0,2021-03-20T13:53:36+00:00,2021-07-11T20:08:10+00:00,2021-07-11T20:08:10+00:00, ,false"
"Deploy do PostgreSQL na hospedagem,,Encerrado,Tarefas gerais do projeto,herculeshssj, , ,,,Funcionalidade-green, , , ,false,0,2021-03-20T13:53:27+00:00,2021-07-11T20:08:10+00:00,2021-07-11T20:08:10+00:00, ,false"
"Criação do container Docker da aplicação OpenXava,,Encerrado,Tarefas gerais do projeto,herculeshssj, , ,,,Funcionalidade-green, , , ,false,0,2021-03-20T13:53:18+00:00,2021-07-11T20:08:10+00:00,2021-07-11T20:08:10+00:00, ,false"
"Teste geral da solução,,Encerrado,Tarefas gerais do projeto,herculeshssj, , ,,,Teste-yellow, , , ,false,0,2021-03-20T13:53:05+00:00,2021-07-11T20:08:10+00:00,2021-07-11T20:08:10+00:00, ,false"
"Criação do job de exportação,,Encerrado,Tarefas gerais do projeto,herculeshssj, , ,,,Funcionalidade-green, , , ,false,0,2021-03-20T13:52:56+00:00,2021-07-11T20:08:10+00:00,2021-07-11T20:08:10+00:00, ,false"
"Criação do log de alterações,,Encerrado,Tarefas gerais do projeto,herculeshssj, , ,,,Funcionalidade-green, , , ,false,0,2021-03-20T13:52:48+00:00,2021-07-11T20:08:10+00:00,2021-07-11T20:08:10+00:00, ,false"
"Criação da aplicação OpenXava,,Encerrado,Tarefas gerais do projeto,herculeshssj, , ,,,Funcionalidade-green, , , ,false,0,2021-03-20T13:52:38+00:00,2021-07-11T20:08:10+00:00,2021-07-11T20:08:10+00:00, ,false"
"Criação do job de importação,,Encerrado,Tarefas gerais do projeto,herculeshssj, , ,,,Funcionalidade-green, , , ,false,0,2021-03-20T13:52:29+00:00,2021-07-11T20:08:10+00:00,2021-07-11T20:08:10+00:00, ,false"
"Testar a conexão com as bases,,Encerrado,Tarefas gerais do projeto,herculeshssj, , ,,,Teste-yellow, , , ,false,0,2021-03-20T13:52:23+00:00,2021-07-11T20:08:10+00:00,2021-07-11T20:08:10+00:00, ,false"
"Configurar os datasources no projeto,,Encerrado,Tarefas gerais do projeto,herculeshssj, , ,,,Funcionalidade-green, , , ,false,0,2021-03-20T13:52:15+00:00,2021-07-11T20:08:10+00:00,2021-07-11T20:08:10+00:00, ,false"
"Subir a base PostgreSQL,,Encerrado,Tarefas gerais do projeto,herculeshssj, , ,,,Funcionalidade-green, , , ,false,0,2021-03-20T13:51:18+00:00,2021-07-11T20:08:10+00:00,2021-07-11T20:08:10+00:00, ,false"
"Gerenciamento dos concursos e seleções via aplicação OpenXava,A ideia é ter uma aplicação OpenXava para gerenciar os concursos e seleções existentes. 

A aplicação iria interagir com uma base PostgreSQL, que será alimentada via job com os dados da base MongoDB.

Todas as alterações feitas na base PostgreSQL serão sincronizadas com a base MongoDB.,Encerrado,Tarefas gerais do projeto,herculeshssj, , ,,,, , , ,false,0,2021-03-20T13:46:48+00:00,2021-07-11T20:08:10+00:00,2021-07-11T20:08:10+00:00, ,false"
"Spring Data multiple datasources,https://medium.com/javarevisited/springboot-with-spring-data-jpa-using-multi-data-source-databases-mysql-sqlserver-3ce5f69559
https://www.devglan.com/spring-boot/spring-boot-mongodb-configuration
https://www.thomasvitale.com/spring-data-mongodb-java-configuration/
https://medium.com/@joeclever/using-multiple-datasources-with-spring-boot-and-spring-data-6430b00c02e7
https://springframework.guru/how-to-configure-multiple-data-sources-in-a-spring-boot-application/
https://github.com/ValerioMC/vforge-cauldron/tree/master/src/main/java/io/vforge/cauldron/config,Encerrado,Tarefas gerais do projeto,herculeshssj, , ,,,Tutorial-magenta, , , ,false,0,2021-03-20T13:43:49+00:00,2021-07-11T20:08:10+00:00,2021-07-11T20:08:10+00:00, ,false"
"Divulgação de concurso,Permitir configurar determinado grupo de vagas no canal do Telegram.,Encerrado,Tarefas gerais do projeto,herculeshssj, , ,,,Rejeitado-black, , , ,false,0,2021-02-22T07:08:09+00:00,2021-07-14T15:22:37+00:00,2021-07-14T15:22:37+00:00, ,false"
"Implementar autenticação com login e senha,Implementar uma tela de login e senha de usuário para poder ter  um controle maior dos usuários que tem acesso.,Encerrado,Tarefas gerais do projeto,herculeshssj, , ,,,Refatoração-purple, , , ,false,0,2021-02-22T07:05:28+00:00,2021-07-11T20:08:10+00:00,2021-07-11T20:08:10+00:00, ,false"
"Erro na tela de login,Está caindo em uma tela de detalhes com os dados em branco.,Encerrado,Tarefas gerais do projeto,herculeshssj, , ,,,Bug-red, , , ,false,0,2021-02-22T07:05:19+00:00,2021-07-11T20:08:10+00:00,2021-07-11T20:08:10+00:00, ,false"
"Tratar os dados obtidos do PCIConcursos,Ver uma forma de separar os dados que são obtidos do site PCIConcursos para se ter a informação o mais completa possível sobre os cargos, vagas, escolaridade, salário e datas.,Encerrado,Tarefas gerais do projeto,herculeshssj, , ,,,Rejeitado-black, , , ,false,0,2021-02-22T06:56:23+00:00,2021-07-14T15:22:37+00:00,2021-07-14T15:22:37+00:00, ,false"
"Criar as páginas para controle das seleções para servidores,Falta as páginas para listar e visualizar as seleções obtidos do site Gov.br/servidores.,Encerrado,Tarefas gerais do projeto,herculeshssj, , ,,,Funcionalidade-green, , , ,false,0,2021-02-22T06:55:34+00:00,2021-07-11T20:08:10+00:00,2021-07-11T20:08:10+00:00, ,false"
"Mudar o template de páginas para Thymleaf,Usar o Groovy Template Pages não é nada intuitivo.,Encerrado,Tarefas gerais do projeto,herculeshssj, , ,,,Refatoração-purple, , , ,false,0,2021-02-22T06:53:24+00:00,2021-07-11T20:08:10+00:00,2021-07-11T20:08:10+00:00, ,false"
"Atualizar arquivo README,O arquivo README não contempla as últimas mudanças realizadas no projeto. Incluir a parte de criação da imagem e do container Docker.,Encerrado,Tarefas gerais do projeto,herculeshssj, , ,,,Melhoria-orange, , , ,false,0,2021-02-22T06:51:17+00:00,2021-07-11T20:08:10+00:00,2021-07-11T20:08:10+00:00, ,false"
"Desalocar os recursos do projeto Servidores-Oportunidades,Remover todos os arquivos e programas instalados para poder auxiliar no desenvolvimento do projeto.,Encerrado,Tarefas gerais do projeto,herculeshssj, , ,,,Análise-lime, , , ,false,0,2021-01-14T21:41:49+00:00,2021-07-11T20:08:10+00:00,2021-07-11T20:08:10+00:00, ,false"
"Arquivar o projeto no Github,Com o arquivamento do quadro, não haverá novas funcionalidades.,Encerrado,Tarefas gerais do projeto,herculeshssj, , ,,,Análise-lime, , , ,false,0,2021-01-14T21:40:41+00:00,2021-07-11T20:08:10+00:00,2021-07-11T20:08:10+00:00, ,false"
"Guardar um PDF dos tutoriais,Para todos os tutoriais registrados nesse quadro, e que não foram arquivados, gerar um arquivo PDF com os tutoriais para guardar para consultas futuras.

Hoje os tutoriais estão disponíveis, mas não sabemos se no futuro estarão.,Encerrado,Tarefas gerais do projeto,herculeshssj, , ,,,Análise-lime, , , ,false,0,2021-01-14T21:38:03+00:00,2021-07-11T20:08:10+00:00,2021-07-11T20:08:10+00:00, ,false"
"Atualizar o projeto no servidor,Realizar a implantação das mudanças no servidor na Oracle Cloud.,Encerrado,Tarefas gerais do projeto,herculeshssj, , ,,,Melhoria-orange, , , ,false,0,2021-01-14T21:35:48+00:00,2021-07-11T20:08:10+00:00,2021-07-11T20:08:10+00:00, ,false"
"Migrar código para o projeto Spring Boot,,Encerrado,Tarefas gerais do projeto,herculeshssj, , ,,,Refatoração-purple, , , ,false,0,2021-01-14T18:25:25+00:00,2021-07-11T20:08:10+00:00,2021-07-11T20:08:10+00:00, ,false"
"Criar schedule para buscar os concursos e oportunidades,,Encerrado,Tarefas gerais do projeto,herculeshssj, , ,,,Funcionalidade-green, , , ,false,0,2021-01-14T17:26:23+00:00,2021-07-11T20:08:10+00:00,2021-07-11T20:08:10+00:00, ,false"
"Spring Security Tutorial with Spring Boot, Spring Data JPA, Thymeleaf and MySQL Database,https://www.javaguides.net/2020/06/spring-security-tutorial-with-spring-boot-spring-data-jpa-thymeleaf-and-mysql-database.html,Encerrado,Tarefas gerais do projeto,herculeshssj, , ,,,Tutorial-magenta, , , ,false,0,2021-01-10T10:33:42+00:00,2021-07-11T20:08:10+00:00,2021-07-11T20:08:10+00:00, ,false"
"Spring Boot Whitelabel Error Page,https://www.javadevjournal.com/spring-boot/spring-boot-whitelabel-error-page/,Encerrado,Tarefas gerais do projeto,herculeshssj, , ,,,Tutorial-magenta, , , ,false,0,2021-01-10T10:32:59+00:00,2021-07-11T20:08:10+00:00,2021-07-11T20:08:10+00:00, ,false"
"Spring Boot Security Tutorial Step by Step Example Using Spring Boot Security Default Login Page,https://www.yawintutor.com/spring-boot-security-step-by-step-1/
https://www.yawintutor.com/spring-boot-security-step-by-step-2/,Encerrado,Tarefas gerais do projeto,herculeshssj, , ,,,Tutorial-magenta, , , ,false,0,2021-01-10T10:31:53+00:00,2021-07-11T20:08:10+00:00,2021-07-11T20:08:10+00:00, ,false"
"Spring Boot + Thymeleaf CRUD Example,https://www.dariawan.com/tutorials/spring/spring-boot-thymeleaf-crud-example/,Encerrado,Tarefas gerais do projeto,herculeshssj, , ,,,Tutorial-magenta, , , ,false,0,2021-01-10T10:30:45+00:00,2021-07-11T20:08:10+00:00,2021-07-11T20:08:10+00:00, ,false"
"Spring Boot Thymeleaf CRUD Example Tutorial,https://www.javaguides.net/2019/04/spring-boot-thymeleaf-crud-example-tutorial.html,Encerrado,Tarefas gerais do projeto,herculeshssj, , ,,,Tutorial-magenta, , , ,false,0,2021-01-10T10:29:24+00:00,2021-07-11T20:08:10+00:00,2021-07-11T20:08:10+00:00, ,false"
"Spring Boot - Thymeleaf,https://www.tutorialspoint.com/spring_boot/spring_boot_thymeleaf.htm,Encerrado,Tarefas gerais do projeto,herculeshssj, , ,,,Tutorial-magenta, , , ,false,0,2021-01-10T10:28:42+00:00,2021-07-11T20:08:10+00:00,2021-07-11T20:08:10+00:00, ,false"
"Spring Boot - Securing Web Applications,https://www.tutorialspoint.com/spring_boot/spring_boot_securing_web_applications.htm,Encerrado,Tarefas gerais do projeto,herculeshssj, , ,,,Tutorial-magenta, , , ,false,0,2021-01-10T10:28:14+00:00,2021-07-11T20:08:10+00:00,2021-07-11T20:08:10+00:00, ,false"
"Spring Boot 2 JWT Authentication with Spring Security,https://bezkoder.com/spring-boot-jwt-mysql-spring-security-architecture/,Encerrado,Tarefas gerais do projeto,herculeshssj, , ,,,Tutorial-magenta, , , ,false,0,2021-01-10T10:26:56+00:00,2021-07-11T20:08:10+00:00,2021-07-11T20:08:10+00:00, ,false"
"Tentar manter somente as ideias aqui esta lista. Qualquer outra tarefa mover para ""À fazer"".,,Encerrado,Tarefas gerais do projeto,herculeshssj, , ,,,, , , ,false,0,2021-01-07T00:03:00+00:00,2021-07-11T20:08:10+00:00,2021-07-11T20:08:10+00:00, ,false"
"Incorporar o projeto concursos ao servidores-oportunidades,Com a conversão do projeto para Spring Boot, não é necessário haver dois projetos. O projeto concursos pode tranquilamente incorporado.,Encerrado,Tarefas gerais do projeto,herculeshssj, , ,,,Refatoração-purple, , , ,false,0,2021-01-06T23:59:22+00:00,2021-07-11T20:08:10+00:00,2021-07-11T20:08:10+00:00, ,false"
"Criar projeto Spring Boot servidores-oportunidades,Seguir os mesmos moldes do projeto interno concursos.,Encerrado,Tarefas gerais do projeto,herculeshssj, , ,,,Funcionalidade-green, , , ,false,0,2021-01-06T23:58:46+00:00,2021-07-11T20:08:10+00:00,2021-07-11T20:08:10+00:00, ,false"
"Evitar inatividade nas tarefas do quadro por mais de 7 dias.,,Encerrado,Tarefas gerais do projeto,herculeshssj, , ,,,, , , ,false,0,2021-01-06T21:30:03+00:00,2021-07-11T20:08:10+00:00,2021-07-11T20:08:10+00:00, ,false"
"Migra a aplicação para ser 100% Spring Boot com Groovy,,Encerrado,Tarefas gerais do projeto,herculeshssj, , ,,,Idéia-peachpuff, , , ,false,0,2020-12-31T12:14:42+00:00,2021-07-11T20:08:10+00:00,2021-07-11T20:08:10+00:00,Converter o projeto para Spring Boot?-yes-1-no-0,false"
"Divulgação de concursos,Ter uma funcionalidade para divulgar um determinado concurso no canal Servidores-Oportunidades.,Encerrado,Tarefas gerais do projeto,herculeshssj, , ,,,Rejeitado-black, , , ,false,0,2020-12-31T02:07:21+00:00,2021-07-11T20:08:10+00:00,2021-07-11T20:08:10+00:00, ,false"
"Mover a aplicação Servidores-Oportunidades para o Oracle Cloud,,Encerrado,Tarefas gerais do projeto,herculeshssj, , ,,,Melhoria-orange, , , ,false,0,2020-12-30T10:12:49+00:00,2021-07-11T20:08:10+00:00,2021-07-11T20:08:10+00:00, ,false"
"Ver o Spark Framework,http://sparkjava.com/,Encerrado,Tarefas gerais do projeto,herculeshssj, , ,,,Estudo-Pesquisa-blue, , , ,false,0,2020-12-27T15:34:15+00:00,2021-07-11T20:08:10+00:00,2021-07-11T20:08:10+00:00, ,false"
"Verificar mudança no link dos sites,,Encerrado,Tarefas gerais do projeto,herculeshssj, , ,,,Teste-yellow, , , ,false,0,2020-12-27T11:00:33+00:00,2021-07-11T20:08:10+00:00,2021-07-11T20:08:10+00:00, ,false"
"Obter parâmetros de execução de variável de ambiente,É pré-requisito para criação do Dockerfile do projeto.,Encerrado,Tarefas gerais do projeto,herculeshssj, , ,,,Refatoração-purple, , , ,false,0,2020-12-25T09:05:04+00:00,2021-07-11T20:08:10+00:00,2021-07-11T20:08:10+00:00, ,false"
"Criar o Dockerfile do projeto,Criar o Dockerfile do projeto, para que os containers criados não fiquem vinculados a um bind no SO ou no WSL.

Será necessário alterar a forma de obtenção dos parâmetros de execução do Servidores-Oportunidades, mudar do shell para variável de ambiente.,Encerrado,Tarefas gerais do projeto,herculeshssj, , ,,,Melhoria-orange, , , ,false,0,2020-12-25T09:02:31+00:00,2021-07-11T20:08:10+00:00,2021-07-11T20:08:10+00:00, ,false"
"Criar o Dockerfile do projeto,Assim o projeto roda sem depender da pasta com os arquivos do projeto. Atualmente, eu preciso iniciar o container Docker no Debian (WSL) dentro da pasta onde está o projeto.,Encerrado,Tarefas gerais do projeto,herculeshssj, , ,,,, , , ,false,0,2020-12-19T13:57:47+00:00,2021-07-11T20:08:10+00:00,2021-07-11T20:08:10+00:00, ,false"
"Para futuras tarefas, criar um quadro específico para o projeto Servidores-Oportunidades.,,Encerrado,Tarefas gerais do projeto,herculeshssj, , ,,,, , , ,false,0,2020-12-19T13:52:03+00:00,2021-07-11T20:08:10+00:00,2021-07-11T20:08:10+00:00, ,false"
"Avaliar se incluo no projeto,https://www.sp.senac.br/recruPortal/portal/mural,Encerrado,Tarefas gerais do projeto,herculeshssj, , ,,,, , , ,false,0,2020-12-18T14:29:35+00:00,2021-07-11T20:08:10+00:00,2021-07-11T20:08:10+00:00, ,false"
"Arquivar concursos,Incluir um campo que informa que o concurso ou a seleção foi arquivada. Uma outra opção é implementar exclusão lógica dos registros.

Implementar também o arquivamento automático, para que as seleções antigas não fiquem mais disponíveis depois de 90 dias.,Encerrado,Tarefas gerais do projeto,herculeshssj, , ,,,Funcionalidade-green, , , ,false,0,2020-12-18T14:21:51+00:00,2021-07-14T15:22:37+00:00,2021-07-14T15:22:37+00:00, ,false"
"Implementar o Dockerfile do projeto,Colocando o projeto em Docker, posso consultar a qualquer momento os concursos que foram recentemente cadastrados.,Encerrado,Tarefas gerais do projeto,herculeshssj, , ,,,, , , ,false,0,2020-12-17T23:02:39+00:00,2021-07-11T20:08:10+00:00,2021-07-11T20:08:10+00:00, ,false"
"Uso de @Query no Spring Data Mongo,https://www.devglan.com/spring-boot/spring-data-mongodb-queries
https://www.concretepage.com/spring-5/spring-data-mongodb-query
https://docs.spring.io/spring-data/mongodb/docs/current/reference/html/#mongo.query
https://www.baeldung.com/spring-data-mongodb-tutorial,Encerrado,Tarefas gerais do projeto,herculeshssj, , ,,,, , , ,false,0,2020-12-17T19:15:08+00:00,2021-07-11T20:08:10+00:00,2021-07-11T20:08:10+00:00, ,false"
"Busca por regex,https://chartio.com/resources/tutorials/how-to-use-a-sql-like-statement-in-mongodb/,Encerrado,Tarefas gerais do projeto,herculeshssj, , ,,,, , , ,false,0,2020-12-17T19:14:24+00:00,2021-07-11T20:08:10+00:00,2021-07-11T20:08:10+00:00, ,false"
"Tentar acertar os concursos com UF em branco,Os concursos de abrangência nacional não possuem UF. Na base, o campo está indo com um espaço em branco. Tentar ver onde no projeto onde realizar este acerto. 

Os cadastros existente o acerto foi feito manualmente.,Encerrado,Tarefas gerais do projeto,herculeshssj, , ,,,, , , ,false,0,2020-12-17T18:30:38+00:00,2021-07-11T20:08:10+00:00,2021-07-11T20:08:10+00:00, ,false"
"Uso de templates Groovy,https://www.dariawan.com/tutorials/spring/spring-boot-groovy-templates-crud-example/,Encerrado,Tarefas gerais do projeto,herculeshssj, , ,,,, , , ,false,0,2020-12-16T17:11:21+00:00,2021-07-11T20:08:10+00:00,2021-07-11T20:08:10+00:00, ,false"
"Secure Grails 4 Application using Spring Security Core,https://morioh.com/p/3f489585ebb3,Encerrado,Tarefas gerais do projeto,herculeshssj, , ,,,, , , ,false,0,2020-12-16T14:09:47+00:00,2021-07-11T20:08:10+00:00,2021-07-11T20:08:10+00:00, ,false"
"Usar o Grails,http://guides.grails.org/creating-your-first-grails-app/guide/index.html

https://www.djamware.com/post/5dee230f730254515e53f7df/grails-4-tutorial-easy-to-build-crud-web-application,Encerrado,Tarefas gerais do projeto,herculeshssj, , ,,,, , , ,false,0,2020-12-16T12:46:09+00:00,2021-07-11T20:08:10+00:00,2021-07-11T20:08:10+00:00, ,false"
"Avaliar se compensa construir uma interface Web usando Spring MVC,Procurar não misturar tecnologias, tentar ficar dentro da linguagem Groovy e Java.
Além disso, ver se compensa montar uma interface Web para gerenciar os concursos do PCI Concursos.,Encerrado,Tarefas gerais do projeto,herculeshssj, , ,,,, , , ,false,0,2020-12-16T10:40:09+00:00,2021-07-11T20:08:10+00:00,2021-07-11T20:08:10+00:00, ,false"
"Construir interface web usando Flask para Servidores-Oportunidades,<p>Link: </p><p><a href=""https://www.geeksforgeeks.org/retrieving-html-from-data-using-flask/"">https://www.geeksforgeeks.org/retrieving-html-from-data-using-flask/</a></p><p><a href=""https://www.pythoninformer.com/python-libraries/flask/"">https://www.pythoninformer.com/python-libraries/flask/</a></p><p>Procurar mais links para auxiliar.<br></p>,Encerrado,Tarefas gerais do projeto,herculeshssj, , ,,,, , , ,false,0,2020-11-25T02:43:18+00:00,2021-07-11T20:08:10+00:00,2021-07-11T20:08:10+00:00, ,false"
"Implementar API REST no Servidores-Oportunidades,Link para auxiliar: 
https://medium.com/inside-bukalapak/rest-api-with-spring-boot-groovy-fa9d5b1e5274
https://dev.to/jorge_rockr/spring-boot--groovy-from-zero-to-hero-5d39,Encerrado,Tarefas gerais do projeto,herculeshssj, , ,,,, , , ,false,0,2020-11-25T02:15:56+00:00,2021-07-11T20:08:10+00:00,2021-07-11T20:08:10+00:00, ,false"
"Voltar com o aplicativo Servidores-Oportunidades,<p>Preciso ficar de olho nas seleções do Poder Executivo e concursos para o BB, Serpro, Dataprev e BNDES.</p>,Encerrado,Tarefas gerais do projeto,herculeshssj, , ,,,, , , ,false,0,2020-11-24T12:33:26+00:00,2021-07-11T20:08:10+00:00,2021-07-11T20:08:10+00:00, ,false"